year,region_id,Region_name,ons_code,total_link_length_km,total_link_length_miles,pedal_cycles,two_wheeled_motor_vehicles,cars_and_taxis,buses_and_coaches,lgvs,all_hgvs,all_motor_vehicles
1993,1,South West,E12000009,48751.549,30292.81,227953599.4,289923696.4,19674314927,245021265.3,2351709378,1295590243,23856559510
1993,2,East Midlands,E12000004,30681.75,19064.76,199707628.2,172835852.9,16200184526,190072049.4,2082219306,1647137726,20292449459
1993,3,Scotland,S92000003,58532.648,36370.5,147292602.9,126436441.6,17677604851,334261634.1,2231034215,1339927724,21709264865
1993,4,Wales,W92000004,32543.502,20221.59,81718233.69,104647515.9,11278779581,156286426.2,1452740937,735193009.6,13727647470
1993,5,North West,E12000002,35952.604,22339.91,251357502.3,199240745.9,23729995788,339800155.6,2801814065,1834379537,28905230291
1993,6,London,E12000007,14350.446,8916.95,272098090.7,358169320,15882514166,273427487.5,1928558767,640880245.8,19083549986
1993,7,East of England,E12000006,38708.425,24052.3,365567983.3,270054627.8,22996110321,254817682,2976386705,1741075572,28238444908
1993,8,Yorkshire and the Humber,E12000003,31096.599,19322.53,231383668.8,171229053.9,16875996187,235884501,2204274510,1624323716,21111707967
1993,9,South East,E12000008,46587.542,28948.16,431671917.4,415233710.8,36748251227,368664895.7,4267146720,2035308064,43834604617
1993,10,West Midlands,E12000005,31813.532,19768.01,195701287.2,177430690.2,20484233186,298629740.6,2528716360,1703291393,25192301370
1993,11,North East,E12000001,15820.273,9830.26,85531009.28,55059277.26,8536913668,174103090.9,1021850284,474329085.2,10262255405
1994,1,South West,E12000009,48837.258,30346.07,227259506.7,293213664.7,20182081957,244157916.8,2458476408,1325573944,24503503890
1994,2,East Midlands,E12000004,30736.201,19098.59,199505034.3,172950134.3,16544612668,189747541.4,2164981411,1694319116,20766610870
1994,3,Scotland,S92000003,58626.157,36428.61,146073647.5,126752221.9,18070657926,332457670,2327617038,1365801792,22223286648
1994,4,Wales,W92000004,32594.439,20253.25,81221952.87,104953492.8,11529084199,155327528.3,1517663372,747370772.2,14054399365
1994,5,North West,E12000002,36032.33,22389.45,251507955.5,195823779.4,24124407632,340643201.4,2908002089,1868716513,29437593215
1994,6,London,E12000007,14384.456,8938.09,278441721.3,369382328.5,16062810857,281778335.3,2010906197,623654797.9,19348532516
1994,7,East of England,E12000006,38777.587,24095.28,366149134.5,268677005.4,23537303947,254374952,3109362060,1790333429,28960051393
1994,8,Yorkshire and the Humber,E12000003,31159.422,19361.57,231625036.5,169914490.1,17218393518,235814637.9,2294337836,1657803578,21576264059
1994,9,South East,E12000008,46682.721,29007.3,432101408.8,414024288.7,37566599379,369827327.3,4446049562,2088461474,44884962031
1994,10,West Midlands,E12000005,31875.055,19806.24,195896795.2,175481775.3,20876841452,299296257.8,2627757739,1749969325,25729346550
1994,11,North East,E12000001,15851.442,9849.63,85912006.85,54679078.84,8675832265,173003861.1,1062241397,482428330.4,10448184933
1995,1,South West,E12000009,48937.867,30408.58,233852221.3,294135878.9,20585302680,257910518.3,2532676259,1360446753,25030472090
1995,2,East Midlands,E12000004,30801.36,19139.08,205898117.5,171981527.3,16857405408,200809871.4,2217851241,1750899142,21198947190
1995,3,Scotland,S92000003,58753.68,36507.84,149239846.1,126342862.4,18421094779,350926323.3,2380908132,1398080159,22677352255
1995,4,Wales,W92000004,32659.169,20293.47,83140338.49,104687798.2,11739450501,164294073.1,1556256124,763937579.5,14328626077
1995,5,North West,E12000002,36119.162,22443.41,260586411.6,195848096.5,24607345776,358113031.2,2988563182,1916706599,30066576685
1995,6,London,E12000007,14417.874,8958.85,283280561.7,359949803.2,16003118930,303703868.8,2086967051,608719496.9,19362459150
1995,7,East of England,E12000006,38856.836,24144.52,378671802.6,267491659.4,23980919433,268484611.5,3196253102,1847877328,29561026135
1995,8,Yorkshire and the Humber,E12000003,31231.194,19406.16,239478040.1,170862342.4,17548329759,249417595.7,2356723507,1716171388,22041504592
1995,9,South East,E12000008,46791.874,29075.12,447436170,409413210.4,38347677530,388598362.9,4562071953,2152454022,45860215078
1995,10,West Midlands,E12000005,31945.372,19849.93,202399087,174692239.2,21274265927,317822682.9,2697952312,1800290674,26265023835
1995,11,North East,E12000001,15886.24,9871.25,89611545.16,54469421.3,8810870566,183848278.5,1080864904,494519864.4,10624573034
1996,1,South West,E12000009,49006.318,30451.11,228385009.3,292441067.5,21073910405,264908197.6,2645210400,1399944637,25676414707
1996,2,East Midlands,E12000004,30849.367,19168.91,201598119.2,169541761.6,17360224222,204905529.8,2324752466,1809867773,21869291753
1996,3,Scotland,S92000003,58818.581,36548.17,146353091.8,125558620.8,18907576140,360968997.1,2498996342,1434120401,23327220501
1996,4,Wales,W92000004,32706.624,20322.95,81178327.54,103762245.1,12008117020,168485324.8,1604258966,803190309.7,14687813866
1996,5,North West,E12000002,36177.479,22479.64,254875502.1,191846039.4,25176734831,365392589.7,3101807975,1984979419,30820760854
1996,6,London,E12000007,14447.847,8977.48,290084450.6,375012094.2,16161494717,309645905.8,2055510242,647225102.1,19548888061
1996,7,East of England,E12000006,38918.554,24182.87,370672920.2,266589740.5,24592180966,272921294.5,3346413497,1886165430,30364270928
1996,8,Yorkshire and the Humber,E12000003,31284.912,19439.54,234883515.6,168481395.8,18047134916,254842067.5,2435049054,1775113285,22680620718
1996,9,South East,E12000008,46864.665,29120.35,438143537.5,414554613.2,39510514199,404140314.9,4777969123,2220289037,47327467287
1996,10,West Midlands,E12000005,31997.647,19882.42,197712888.3,173213713.6,21808630249,321906060.4,2808928651,1845689879,26958368553
1996,11,North East,E12000001,15911.348,9886.85,87801982.87,55066322.11,8999160932,186015367.7,1104912467,494802470.9,10839957560
1997,1,South West,E12000009,49108.696,30514.73,229097015.5,304857112.2,21352984290,273444998.3,2769587547,1448162630,26149036576
1997,2,East Midlands,E12000004,30920.428,19213.06,203538052.2,178348382.4,17674426956,210630251.7,2445474626,1846694353,22355574569
1997,3,Scotland,S92000003,58946.999,36627.97,145923448.8,130241190.8,19200410418,370719063.1,2661955871,1464300149,23827626691
1997,4,Wales,W92000004,32776.256,20366.22,81156613.9,110376177.8,12227853703,174722844.2,1693569927,817285789.9,15023808441
1997,5,North West,E12000002,36277.832,22542,255776201.8,203901995.4,25620907782,374016712.4,3222950876,2068200864,31489978230
1997,6,London,E12000007,14488.181,9002.54,289069781.3,398621461.7,16229364980,314989192,2105300362,646069123.6,19694345119
1997,7,East of England,E12000006,39004.89,24236.52,370934690.9,280610257.3,25046548666,281992274.1,3545289229,1918001812,31072442238
1997,8,Yorkshire and the Humber,E12000003,31363.106,19488.13,235828184.9,174422585.4,18302959598,258737603.2,2552832653,1813294703,23102247143
1997,9,South East,E12000008,46982.404,29193.51,438302344.2,437858999.6,40295122138,420125120.9,5055780943,2286895671,48495782873
1997,10,West Midlands,E12000005,32075.805,19930.98,198113702.3,183599139.9,22186443260,330421282.8,2951824269,1880375995,27532663947
1997,11,North East,E12000001,15948.072,9909.67,88391443.27,58811346.85,9159384931,193214130.2,1166129564,497565546.9,11075105519
1998,1,South West,E12000009,49200.585,30571.83,223768579.2,312504493,21679410632,296405659.7,2855294833,1529625095,26673240713
1998,2,East Midlands,E12000004,30975.206,19247.1,196971838.4,182329613.8,17935015951,211640900.7,2534261908,1942834053,22806082426
1998,3,Scotland,S92000003,59047.414,36690.36,141568936.4,134948276.5,19358371927,373681174.2,2831455030,1498611898,24197068306
1998,4,Wales,W92000004,32824.868,20396.43,78150421.88,113874904.7,12320642509,171550288.1,1768169476,845043209.5,15219280388
1998,5,North West,E12000002,36360.09,22593.11,249902865.5,213710827.2,26030142558,378966843.1,3372693011,2105012132,32100525371
1998,6,London,E12000007,14522.653,9023.96,274374870.4,406485726.5,16283310614,317415517.5,2113837083,698619750.2,19819668691
1998,7,East of England,E12000006,39074.445,24279.73,358996791.8,295195249.7,25241946073,285222252.3,3747146472,1965834490,31535344538
1998,8,Yorkshire and the Humber,E12000003,31429.004,19529.08,228603056.1,180781909.8,18646592471,259399089,2679006719,1843442180,23609222369
1998,9,South East,E12000008,47085.863,29257.8,427021469.8,462198083,41040026367,436214575.1,5315609770,2389218622,49643267417
1998,10,West Midlands,E12000005,32140.707,19971.31,191848514.6,190219532.8,22492850340,333907413.9,3122090746,1916144636,28055212668
1998,11,North East,E12000001,15979.799,9929.39,85638149.86,60961010.93,9250950661,196743083.2,1223889807,501706238.4,11234250801
1999,1,South West,E12000009,49298.9,30632.92,229386095.7,337944482.4,21992345775,281960222,2969537918,1555127591,27136915989
1999,2,East Midlands,E12000004,31041.26,19288.14,205360791.4,199430197.8,18420940319,208732289.6,2583555598,1978900408,23391558812
1999,3,Scotland,S92000003,59165.47,36763.72,147844301.6,150066880,19628539960,380835580,2893849058,1510824511,24564115988
1999,4,Wales,W92000004,32889.09,20436.33,81612736.98,125018875.8,12552778049,175652810.6,1806167281,818292945.1,15477909962
1999,5,North West,E12000002,36457.91,22653.9,255397782.4,232218046.7,26464019403,381085594.2,3382811613,2145996776,32606131433
1999,6,London,E12000007,14568.8,9052.63,280888940.9,443326861,16643703170,329838479.5,2224175485,673954979.6,20314998976
1999,7,East of England,E12000006,39155.7,24330.22,373246932.1,325231323.2,25732633490,295614411.9,3769836751,2033848298,32157164274
1999,8,Yorkshire and the Humber,E12000003,31506.28,19577.09,234457961.1,195455090.1,18907099280,267257844.6,2711785908,1845663205,23927261327
1999,9,South East,E12000008,47199.28,29328.27,440333511.1,508367527.5,41912976470,429731055.6,5340738279,2462958217,50654771549
1999,10,West Midlands,E12000005,32215.29,20017.65,197940537.8,207422195.2,22789751680,341231127.8,3155120522,1927077436,28420602961
1999,11,North East,E12000001,16016.8,9952.38,88272477.94,68754809.57,9488224702,203087714,1217984019,525855824,11503907069
2000,1,South West,E12000009,49382.7,30684.99,232896547,335931033.8,22145924982,274314561.3,3075437954,1525074573,27356683105
2000,2,East Midlands,E12000004,31103.46,19326.79,208770646.3,205232311.7,18301656854,202463391.1,2641554705,1966709593,23317616854
2000,3,Scotland,S92000003,59232.07,36805.1,150281253.4,155103753.1,19537520379,372226071.9,2853010110,1513909106,24431769420
2000,4,Wales,W92000004,32952.99,20476.04,82230695.55,129620496.7,12451886526,172028117.6,1822539942,794548017.9,15370623101
2000,5,North West,E12000002,36530.41,22698.94,260496651,244048923.8,26389278541,363326247.6,3410905682,2118243768,32525803163
2000,6,London,E12000007,14603.8,9074.38,285064173.2,443197633.7,16579095382,320750641.3,2246917172,698395128.5,20288355958
2000,7,East of England,E12000006,39222.4,24371.67,383742782.5,330347511.4,25542871171,295131496.6,3791867811,2066294982,32026512972
2000,8,Yorkshire and the Humber,E12000003,31575.08,19619.85,241125671,203712621.1,18851381433,262077141.9,2747760922,1828518943,23893451061
2000,9,South East,E12000008,47310.48,29397.37,447313949.4,503174626.7,41755288454,418768628,5451130877,2549922379,50678284965
2000,10,West Midlands,E12000005,32274.69,20054.56,202485115.3,210799874.6,22674672552,322872178,3188139395,1950389325,28346873325
2000,11,North East,E12000001,16047.7,9971.58,91446996.37,73459999.13,9316961368,189993417.6,1206401172,527805130.1,11314621087
2001,1,South West,E12000009,49461.9,30734.2,231854849.4,360280307.2,22726707855,276229450.8,3163068110,1536042911,28062328634
2001,2,East Midlands,E12000004,31155.26,19358.98,209777494.7,214476267.8,18660962638,203144318.5,2736875378,1958926476,23774385078
2001,3,Scotland,S92000003,59317.77,36858.35,146386236.6,162408408,19824385964,375078878.9,2896963373,1489764590,24748601214
2001,4,Wales,W92000004,33033.29,20525.93,81038839.11,133252504.5,12597296355,170143704,1854368596,774394983.8,15529456144
2001,5,North West,E12000002,36616.81,22752.63,265746448.8,251989758.2,26759031460,359063532.6,3474694545,2121224180,32966003476
2001,6,London,E12000007,14640.3,9097.06,303232071.7,470668954.5,16581792774,318642518,2275163005,683621998.7,20329889250
2001,7,East of England,E12000006,39287.5,24412.12,390685549.4,342517749.1,25900270691,295520627.3,3930074743,2062412517,32530796327
2001,8,Yorkshire and the Humber,E12000003,31636.18,19657.81,246028281.8,213432683,19144101441,259759919.4,2842842578,1806556894,24266693515
2001,9,South East,E12000008,47399.18,29452.48,457406700.7,533491098.4,42203499302,415636740.7,5573111282,2551211640,51276950062
2001,10,West Midlands,E12000005,32347.69,20099.92,205231287.1,218000246,22874581763,322081947.5,3230852451,1922594115,28568110522
2001,11,North East,E12000001,16072.7,9987.11,94776664.95,76745429.48,9396453978,186947940.3,1224391758,521434749.2,11405973855
2002,1,South West,E12000009,49543.7,30785.03,242044214.5,389304278.4,23550344625,280586880.3,3279766386,1540507904,29040510075
2002,2,East Midlands,E12000004,31207.26,19391.29,219724396.8,234625346.7,19256429440,207915025.8,2859056460,1970054317,24528080588
2002,3,Scotland,S92000003,59404.67,36912.35,155306766,181450057.6,20584038800,391216105.3,3000118780,1496345375,25653169118
2002,4,Wales,W92000004,33080.49,20555.26,84627361.59,141573971,13023881856,171422107.5,1922748790,777944951.8,16037571676
2002,5,North West,E12000002,36698.51,22803.4,273569117.1,265285791.7,27287945251,353760578.2,3531841528,2115544772,33554377921
2002,6,London,E12000007,14678.82,9121,311966481.9,471420594.9,16689506246,331580609.1,2253473670,669524447.4,20415505567
2002,7,East of England,E12000006,39351.1,24451.64,409899131.8,356484660.5,26451266068,298889508.5,3925054338,2145708711,33177403286
2002,8,Yorkshire and the Humber,E12000003,31700.36,19697.69,256260288.7,227914440.5,19654790126,260522328.9,2974213027,1823508671,24940948593
2002,9,South East,E12000008,47491.88,29510.09,477557933.7,548941274.2,42867516322,403934771.4,5649190585,2579753190,52049336143
2002,10,West Midlands,E12000005,32403.59,20134.66,213845681.4,233140691.2,23461185948,316567394.5,3304858710,1942918319,29258671062
2002,11,North East,E12000001,16103.1,10006,98916822.41,81829063.01,9530725297,185257423.9,1261807885,521469108.7,11581088778
2003,1,South West,E12000009,49628.6425,30837.81,246141247,426763694.6,23835361788,289431418.9,3481163038,1523896206,29556616145
2003,2,East Midlands,E12000004,31259.7965,19423.94,222635284.7,264739388.9,19560506663,216496058.1,3041248755,1978886500,25061877365
2003,3,Scotland,S92000003,59489.3095,36964.94,154747773.9,203471835.8,20647102473,401575577.2,3153956901,1560121615,25966228402
2003,4,Wales,W92000004,33131.6035,20587.02,85237983.34,151172228.9,13098957524,176642352.9,2012700876,767537894.3,16207010876
2003,5,North West,E12000002,36777.8175,22852.68,276666646.9,294033919.8,27173696273,359386590.4,3727054151,2132181915,33686352849
2003,6,London,E12000007,14712.919,9142.18,337003066.6,533109216,16445284463,361644655.3,2434451988,673623035.9,20448113358
2003,7,East of England,E12000006,39423.3225,24496.52,414380320,382229951.3,26457646070,306653943.9,4052794763,2149971080,33349295808
2003,8,Yorkshire and the Humber,E12000003,31762.0915,19736.05,261092730.4,251250461.2,19626220232,268689859.8,3107773932,1831006637,25084941122
2003,9,South East,E12000008,47587.008,29569.2,489260394.8,594317228.2,42441790391,404340446.5,5878418649,2585761783,51904628497
2003,10,West Midlands,E12000005,32437.7075,20155.86,216629944,257496509.3,23225932246,325079317.5,3463705091,1951187351,29223400515
2003,11,North East,E12000001,16132.473,10024.25,99996998.7,88240820.43,9438473150,193227673.5,1309451844,523492592.3,11552886080
2004,1,South West,E12000009,49299.24,30633.13,228095163.3,398726197,24119343407,275281476.5,3686510975,1551414559,30031276615
2004,2,East Midlands,E12000004,30790.35,19132.24,204194975.7,243710161.7,19816387571,213082371,3206107678,2062526043,25541813825
2004,3,Scotland,S92000003,56715.17,35241.17,137320674,188367268.7,20609649178,358231867.9,3235498940,1617124062,26008871316
2004,4,Wales,W92000004,33179.39,20616.72,79813108.28,141052830,13393471390,166700149.2,2108677482,793909415.5,16603811268
2004,5,North West,E12000002,36446.88,22647.04,253433047.8,260639960.2,27519873121,345012612.8,3907177648,2201644892,34234348234
2004,6,London,E12000007,14681.11,9122.42,324364786.1,498362587.9,16383732580,372359587.8,2428689194,680369836.5,20363513786
2004,7,East of England,E12000006,39188.75,24350.76,384888911.7,347050060.7,26663507312,291363036.6,4276181610,2217403875,33795505894
2004,8,Yorkshire and the Humber,E12000003,31854.97,19793.76,240173925.2,229044698.2,19984031567,262336521.6,3318823908,1896075581,25690312275
2004,9,South East,E12000008,47290.71,29385.08,449281726.5,533580201.5,42446697104,390135141.3,6124412097,2644110025,52138934568
2004,10,West Midlands,E12000005,32391.52,20127.16,200823447.2,229791420.5,23538377637,317228841.8,3630183511,2012902189,29728483600
2004,11,North East,E12000001,15835.52,9839.74,92514019.33,80639168.29,9410348123,181790884.8,1373348866,522647032.1,11568774074
2005,1,South West,E12000009,49215.31,30580.98,238156368,426140661.4,24521801321,273560931.6,3855011854,1550955924,30627470691
2005,2,East Midlands,E12000004,30857.82,19174.16,213950720.2,251875663.4,19841738627,208812312.1,3240784268,2054509382,25597720251
2005,3,Scotland,S92000003,56863.38,35333.27,144032095.8,190153432,20511490200,354361983.1,3346866950,1632120511,26034993076
2005,4,Wales,W92000004,33232.99,20650.02,84076471.39,149251272.5,13240506519,165101302.5,2167173838,795120858.7,16517153791
2005,5,North West,E12000002,36530.88,22699.24,261450788,274214555.8,27219111523,344978354.4,3971007802,2182122863,33991435098
2005,6,London,E12000007,14741.26,9159.79,365182556.1,521479996.5,16355486488,374086734.2,2483299940,688309252,20422662411
2005,7,East of England,E12000006,39136.23,24318.13,402837255.6,365430052.5,26485897710,283895576.9,4420048291,2165557911,33720829542
2005,8,Yorkshire and the Humber,E12000003,31906.56,19825.82,249004896.5,245446966.6,19985530418,259983298,3440536658,1874912571,25806409911
2005,9,South East,E12000008,47242.45,29355.1,468499839.7,564465458.5,42004366235,376540443,6258413304,2596492301,51800277742
2005,10,West Midlands,E12000005,32439.25,20156.82,210880885.7,241168179,23594681994,315577824.7,3763850936,1956528083,29871807016
2005,11,North East,E12000001,15840.17,9842.63,96230729.38,82622692.95,9291407504,175369537.1,1395699164,508044277.4,11453143175
2006,1,South West,E12000009,49943.19,31033.26,249210624.6,402840649.4,25085214179,293323354.8,4014931340,1532247451,31328556974
2006,2,East Midlands,E12000004,31257.46,19422.49,223273515.5,236605348.2,20178743938,218512458.4,3336268557,2082479702,26052610003
2006,3,Scotland,S92000003,59499.1,36971.03,153991472.7,183507749.5,21086769318,368094739.1,3527481539,1682365693,26848219039
2006,4,Wales,W92000004,33846.84,21031.45,87720681.57,142767047,13528619048,174870586.8,2249592199,790975645,16886824526
2006,5,North West,E12000002,36880.75,22916.64,273226758.6,256513222.8,27381762007,354482280.6,4118564745,2184420903,34295743158
2006,6,London,E12000007,14745.6,9162.49,392590748,533107655.5,16333921491,400324190.8,2743030224,671312085.1,20681695646
2006,7,East of England,E12000006,39799.53,24730.28,419115664.6,345916019.4,26769395761,296228562.5,4577741643,2164844671,34154126657
2006,8,Yorkshire and the Humber,E12000003,32106.67,19950.16,258792093.4,231823105.2,20336342430,269345806.3,3576211948,1895572651,26309295940
2006,9,South East,E12000008,47407.99,29457.96,485675694.1,529988078.6,42108849506,396438952.8,6446942778,2603575944,52085795260
2006,10,West Midlands,E12000005,32739.47,20343.36,218681516.3,227177525.1,23842622362,316509360.4,3859623515,1962875147,30208807909
2006,11,North East,E12000001,16156.41,10039.13,99581143.58,77937667.31,9331914173,169436665.1,1439458733,502884928.9,11521632167
2007,1,South West,E12000009,50062.86,31107.62,229382825.6,438990280.1,25202017873,304609608.7,4264602463,1565820318,31776040542
2007,2,East Midlands,E12000004,31204.46,19389.55,203182759,256645241.8,20293369593,225037194.6,3514606036,2097200691,26386858756
2007,3,Scotland,S92000003,59578.3,37020.24,141833365.4,197491106.8,21129131651,392932487.5,3751276310,1720195395,27191026950
2007,4,Wales,W92000004,33861.24,21040.4,80858068.66,151465796.9,13601520272,178733575.1,2348206443,810104013.1,17090030100
2007,5,North West,E12000002,36912.95,22936.64,248164447,270501996.3,27362189415,353352590.7,4258724841,2186026055,34430794899
2007,6,London,E12000007,14783.53,9186.06,364097173.3,569389179.1,16185087836,403123777.1,2823260460,660504083.6,20641365336
2007,7,East of England,E12000006,39943.36,24819.65,383516541.7,365733709.9,26955367445,308562661.1,4884017319,2177827796,34691508931
2007,8,Yorkshire and the Humber,E12000003,32134.77,19967.62,235486221.4,250141417,20435046930,277966167.8,3756470155,1900430419,26620055089
2007,9,South East,E12000008,47422.19,29466.78,444573693.5,560170377.5,42045806853,384829460.2,6690008243,2633391740,52314206673
2007,10,West Midlands,E12000005,32771.58,20363.32,199739663.1,246529708.7,23956359081,325229120.5,4039087864,1969781745,30536987520
2007,11,North East,E12000001,16195.91,10063.67,91168092.56,84611028.33,9331377591,176483732.4,1522859005,500212149,11615543506
2008,1,South West,E12000009,49984.56,31058.97,259543106.4,420259764.1,25529934326,291510151.5,4351537904,1515839887,32109082032
2008,2,East Midlands,E12000004,31221.46,19400.12,228507678.2,240097519.3,20135094090,209728472,3530443578,2010360418,26125724078
2008,3,Scotland,S92000003,59642.3,37060.01,161444246.3,191391937.4,21016513514,381494613.8,3763197257,1701666477,27054263799
2008,4,Wales,W92000004,33858.24,21038.53,91661737.69,145343237.1,13532517405,170536608.7,2366665353,797099115.4,17012161719
2008,5,North West,E12000002,36901.15,22929.31,282870079.5,248537114.5,27180591955,324196677.2,4189665848,2200127883,34143119479
2008,6,London,E12000007,14795.8,9193.68,385927089.6,493830858.6,16003801206,388955485.2,2678730010,668128210,20233445770
2008,7,East of England,E12000006,39653.06,24639.27,426005326,337103724.1,26835143688,279941073.8,4917952450,2103600228,34473741163
2008,8,Yorkshire and the Humber,E12000003,32095.57,19943.26,265554116.8,232531651.8,20213228958,254253542.7,3671043456,1868814763,26239872371
2008,9,South East,E12000008,47305.69,29394.39,501319591.3,513129693.6,41366269280,353945314.1,6664216036,2542718123,51440278447
2008,10,West Midlands,E12000005,32804.37,20383.69,225172119.9,225837689.7,23856398600,300013936.3,3980059716,1920548771,30282858713
2008,11,North East,E12000001,16194.807,10062.99,102246405,78726854.57,9162253207,163068319.7,1513673749,497622313,11415344443
2009,1,South West,E12000009,49935.7,31028.61,274148812.3,428904146.8,25476756847,293637435.6,4290770404,1387485891,31877554724
2009,2,East Midlands,E12000004,31286.8,19440.72,240491169.7,244571318.2,20176637575,209597084.9,3482764006,1822195648,25935765632
2009,3,Scotland,S92000003,59389.51,36902.93,170250602.8,195731248.5,21044633878,384619883.3,3693022350,1582191202,26900198562
2009,4,Wales,W92000004,33851.4,21034.28,96680283.37,146625780.7,13372025842,169774379.7,2326875639,723877755.4,16739179397
2009,5,North West,E12000002,36979.6,22978.06,296853464.6,253219685.7,27213804108,322172701.9,4072516412,2063406591,33925119498
2009,6,London,E12000007,14800.6,9196.67,389992003.9,490341866.6,16042986454,389755686.8,2561954570,626595728.6,20111634306
2009,7,East of England,E12000006,39605.2,24609.53,444424663.9,340482096.6,26837149381,275642180.5,4801385488,1963039339,34217698485
2009,8,Yorkshire and the Humber,E12000003,32054,19917.43,278282116.8,236229400.1,20099787972,252553576.5,3575939960,1693577424,25858088333
2009,9,South East,E12000008,47482.4,29504.2,525470368.1,525121154.6,40953526404,340171816.3,6547285526,2297216655,50663321555
2009,10,West Midlands,E12000005,32835.3,20402.91,235869744.6,231447407.1,23667684723,295170091.2,3883586996,1752558858,29830448075
2009,11,North East,E12000001,16197.1,10064.41,107479820.4,79398996.28,9057412215,159351091.6,1469996492,445311771.3,11211470567
2010,1,South West,E12000009,49904,31008.91,279770522,378941208.6,25070678570,289453735.7,4354688715,1373751678,31467513908
2010,2,East Midlands,E12000004,31302.9,19450.72,243943179.7,218021283.1,19994908289,210283010.2,3562729948,1824203421,25810145951
2010,3,Scotland,S92000003,59291.31,36841.91,177110377.3,178572031.2,20703130221,395959763,3779828875,1583721261,26641212151
2010,4,Wales,W92000004,33835.7,21024.53,99942392.42,130817918.6,13123791475,170602623,2370688122,712351050.9,16508251190
2010,5,North West,E12000002,36960.5,22966.19,298081502.9,231690042.6,26677838245,335068641.8,4068055400,2066072643,33378724972
2010,6,London,E12000007,14819.1,9208.16,395831005.8,452237351.5,15844171977,385705140.8,2535439802,634440723.3,19851994994
2010,7,East of England,E12000006,39609.2,24612.02,449314478.7,303076204.4,26074323424,272020787.5,4805084994,1986467492,33440972902
2010,8,Yorkshire and the Humber,E12000003,31967.2,19863.5,279712012.5,212470319.4,19768314665,254026950.9,3602515716,1706789309,25544116960
2010,9,South East,E12000008,47553.8,29548.56,527806812,474319564.1,40288065322,342569687.2,6655744327,2320724676,50081423577
2010,10,West Midlands,E12000005,32830.9,20400.18,238200891.7,209158612.8,23196345231,300096657.9,3950448011,1774674557,29430723069
2010,11,North East,E12000001,16167.9,10046.27,107072782,71569064.19,8883459141,160830522.6,1486396315,441035536.6,11043290580
2011,1,South West,E12000009,49896.5,31004.25,287549778.3,392587823.5,25075000238,264213671.6,4382361029,1351264235,31465426997
2011,2,East Midlands,E12000004,31310.9,19455.69,250060723.2,224564686.3,20131189861,192870758.9,3495379677,1787297105,25831302089
2011,3,Scotland,S92000003,59288.01,36839.86,180910462.5,182158150.9,20706218478,370669247.9,3789855492,1541709700,26590611069
2011,4,Wales,W92000004,33829.7,21020.8,102135622.7,136481158,13198568936,155554317.2,2388376405,683356816.9,16562337633
2011,5,North West,E12000002,36942.1,22954.76,307109851.1,233410293.9,26925148402,309808484.7,4262562667,1932277226,33663207073
2011,6,London,E12000007,14800.1,9196.36,392051038.7,435298565.1,15525387246,373973848.1,2529308379,631287597.6,19495255636
2011,7,East of England,E12000006,39632,24626.18,461541130.4,312506662.7,26329235524,245378331.5,4861440693,1931349470,33679910681
2011,8,Yorkshire and the Humber,E12000003,31959,19858.4,286046439.5,219014554.6,19894417680,234311679.8,3661754050,1669764625,25679262590
2011,9,South East,E12000008,47614.7,29586.4,543517859,480227456.6,40656176959,319550809.1,6725643268,2265264798,50446863291
2011,10,West Midlands,E12000005,32850.8,20412.54,244428913.5,210080904.1,23561624124,271767333.8,3963231622,1749096522,29755800505
2011,11,North East,E12000001,16161.4,10042.23,110170923.8,72038827.36,8955861440,147324628.3,1497679056,443764490.4,11116668442
2012,1,South West,E12000009,49976.69701,31054.08,310436711.7,339962374.7,24967955283,262878537.7,4502335250,1323966776,31397098222
2012,2,East Midlands,E12000004,31357.62612,19484.73,268026315.6,198315528,20299297779,195360948.3,3593409262,1756611545,26042995062
2012,3,Scotland,S92000003,59384.0782,36899.56,200410348.1,164117020.7,20847833709,379219534.1,3898803959,1537841274,26827815496
2012,4,Wales,W92000004,33856.61598,21037.53,112930112.1,122239245.4,13209412423,158365801.6,2453570880,671771480.9,16615359831
2012,5,North West,E12000002,36991.59223,22985.51,321290865,209208489.1,26744466470,309104300.1,4409143072,1812216702,33484139034
2012,6,London,E12000007,14814.53333,9205.32,395619606.2,409196420.1,15344905761,378519000.4,2552620710,655304368.4,19340546260
2012,7,East of England,E12000006,39709.48629,24674.33,492795012.1,273898707.3,26497793511,246851538.2,4946548618,1863516565,33828608940
2012,8,Yorkshire and the Humber,E12000003,32015.05345,19893.23,304067605.2,193859530.8,19752407254,235658515.8,3706123538,1643037403,25531086241
2012,9,South East,E12000008,47700.0928,29639.46,573089861.8,430627203.9,40645501127,318753504.1,6893995510,2205006717,50493884062
2012,10,West Midlands,E12000005,32889.55568,20436.62,260956892.5,185404630.5,23609558678,273845316,4023340840,1745912248,29838061712
2012,11,North East,E12000001,16198.58909,10065.34,115271483.3,64055637.87,8999812401,149810596.8,1513750895,431810087.8,11159239619
2013,1,South West,E12000009,50053.36044,31101.72,303067211,354781886.5,25098528150,258822258,4560799555,1332903337,31605835186
2013,2,East Midlands,E12000004,31426.1606,19527.31,259897076.3,207949046.8,20313522427,193104359.7,3681897594,1795810673,26192284101
2013,3,Scotland,S92000003,59474.19008,36955.55,198116053.7,172382749.2,20903020631,376098870.7,3962692167,1548504015,26962698432
2013,4,Wales,W92000004,33893.85138,21060.66,110586138.7,128473760.6,13345195000,157743640.5,2493380470,673520645.1,16798313516
2013,5,North West,E12000002,37027.30305,23007.7,311473471.4,214265377.8,26809915262,300959840,4499828188,1809741676,33634710343
2013,6,London,E12000007,14829.63798,9214.71,374087538.8,391983185.9,15295412417,363094903.4,2618477754,645494588.8,19314462849
2013,7,East of England,E12000006,39765.43905,24709.1,476306964,281362359.3,26653264768,242264248.4,4992188040,1891081193,34060160609
2013,8,Yorkshire and the Humber,E12000003,32049.13624,19914.41,293901904.2,202072080.7,19829613209,230188286.4,3779781453,1676466267,25718121297
2013,9,South East,E12000008,47790.02773,29695.35,553562405.1,438533801.4,40528550973,311568984.9,6983650916,2213108970,50475413645
2013,10,West Midlands,E12000005,32928.14867,20460.6,251990296.3,190344107.2,23506917370,264132892.6,4115925091,1744555405,29821874866
2013,11,North East,E12000001,16223.52021,10080.83,111289652.9,65059448.37,8999195427,143619474.3,1537392913,429702254,11174969517
2014,1,South West,E12000009,50096.5,31128.52,337110375.6,368159783.8,25765321523,265325637.3,4840497885,1363055621,32602360450
2014,2,East Midlands,E12000004,31445.2,19539.14,288444106.6,213310482.7,20736912586,195124825.5,3893140854,1837616298,26876105046
2014,3,Scotland,S92000003,59407.69,36914.23,222454015,179159514,21308660687,377789390.5,4194107710,1540070453,27599787754
2014,4,Wales,W92000004,33917.15,21075.14,126236449,136343747.2,13833478913,159268768.2,2640311615,678990937.1,17448393981
2014,5,North West,E12000002,37025.72,23006.72,339050405.6,218927523.6,27383993698,298511664.2,4770811401,1841243707,34513487994
2014,6,London,E12000007,14842.84,9222.91,411222525.8,407845063.5,15488605735,355378727.9,2785404035,643184910,19680418471
2014,7,East of England,E12000006,39807.25,24735.08,530079181,290427622.4,27322555308,243827843.6,5333179263,1927548101,35117538139
2014,8,Yorkshire and the Humber,E12000003,32033.92,19904.96,323505543.7,207301410.6,20399570634,232906152.7,3992834172,1735805895,26568418264
2014,9,South East,E12000008,47845.64,29729.9,608973690.5,454063651.5,41423373209,313864068.9,7410152791,2305738626,51907192346
2014,10,West Midlands,E12000005,32958.54,20479.49,279213210.8,195746162.1,24089436710,263421317.6,4318661455,1865187354,30732452998
2014,11,North East,E12000001,16239.45,10090.73,120010839.6,67250394.75,9175064633,143805413.6,1623663999,434081893.6,11443866334
2015,1,South West,E12000009,50093.85,31126.88,313855945.3,366314228.1,26091876989,251333572.3,5075182252,1405278689,33189985730
2015,2,East Midlands,E12000004,31483.29,19562.81,268757956,212261540.1,21040213290,184073227.3,4087056769,1900963759,27424568586
2015,3,Scotland,S92000003,59345.13,36875.35,205707688.2,176888017,21496918680,364480931.4,4390393435,1559957506,27988638569
2015,4,Wales,W92000004,33881.01,21052.68,119384666.2,138291346.4,14109340782,149705851.2,2774327980,686232119.1,17857898079
2015,5,North West,E12000002,37031.76,23010.47,317646096.1,220728090.8,27638106334,287403472.9,4997743207,1895415415,35039396519
2015,6,London,E12000007,14796.15,9193.9,408463670.9,416409268.3,15407096977,343059895.3,2820168438,663447725.5,19650182304
2015,7,East of England,E12000006,39881.6,24781.28,492834660.5,292182934,27775091538,230770844.1,5596749805,2051309564,35946104685
2015,8,Yorkshire and the Humber,E12000003,32017.97,19895.04,300353873.3,206657529.6,20719479425,222650408.2,4176519275,1790852914,27116159551
2015,9,South East,E12000008,47896.88,29761.74,568734141.8,454347804.1,42370469055,303495021.7,7775406425,2435845725,53339564031
2015,10,West Midlands,E12000005,33009.13,20510.92,259897355.3,196910697,24389281568,249708645.8,4459955116,1939558396,31235414422
2015,11,North East,E12000001,16266.41,10107.48,112767978.9,66211618.4,9273030471,136139342.5,1681303543,443668442.4,11600353417
2016,1,South West,E12000009,50271.54,31237.29,309258473,374128716.5,26877804113,235970090.1,5440476476,1410503663,34338883058
2016,2,East Midlands,E12000004,31618.53,19646.84,271542827.2,193685279.6,21640442844,218942939.8,4181615162,1955360380,28190046605
2016,3,Scotland,S92000003,59365.02,36887.71,180356939.4,165452110.6,22051291779,319493222.4,4797902834,1592106444,28926246390
2016,4,Wales,W92000004,33925.89,21080.57,115528911.4,136749200.1,14631789069,129621452,2975642986,691525363.2,18565328071
2016,5,North West,E12000002,37113.04,23060.97,285289352.3,214827038.4,27725104000,271176128.2,5139233502,1903053414,35253394082
2016,6,London,E12000007,14833.53,9217.13,506307274.6,473572637.2,15421402742,325407324.8,3224395889,638247686.6,20083026279
2016,7,East of England,E12000006,40013.08,24862.98,506362014.1,284202821.8,28162618257,222072082.6,5830641159,2095239145,36594773466
2016,8,Yorkshire and the Humber,E12000003,32079.67,19933.38,258872316.4,196757395.6,21382935116,206916045.5,4443649296,1796255362,28026513216
2016,9,South East,E12000008,48069.47,29868.98,563137569.3,468618878.8,42887192776,290170553.3,8195786091,2442430618,54284198917
2016,10,West Midlands,E12000005,33144.01,20594.73,253688670.5,196895442.1,24706986997,263163969.7,4769365108,1960318875,31896730393
2016,11,North East,E12000001,16285.23,10119.17,112008307.5,64075679.84,9337012486,129224275.4,1790373781,446551903.7,11767238126
2017,1,South West,E12000009,50356.39,31290.01,333127936.3,339331573,27669992957,228557115.9,5633716990,1431937019,35303535654
2017,2,East Midlands,E12000004,31689.25,19690.79,279817313.5,189902631.4,22002711195,230867014.4,4267479478,1974583605,28665543924
2017,3,Scotland,S92000003,59285.4,36838.24,182504786,173858143.2,22416543216,325998141.5,5130731038,1624291694,29671422232
2017,4,Wales,W92000004,33859.42,21039.27,111540325,141818688,14591163253,124297557.2,3083308666,703847211.7,18644435376
2017,5,North West,E12000002,37147.11,23082.14,293335390.7,221791595.2,27873313654,208195595.9,5178862662,1914351887,35396515394
2017,6,London,E12000007,14842.02,9222.4,500504499.9,468824367.1,15397820259,314755652.2,3268081817,605877014.1,20055359109
2017,7,East of England,E12000006,40051.59,24886.9,525340597.8,312800492.6,29051464321,212970826.8,6162135344,2144225371,37883596355
2017,8,Yorkshire and the Humber,E12000003,32098.99,19945.39,309200144,196359035.7,21404322455,206487669.4,4456567374,1815120730,28078857264
2017,9,South East,E12000008,48179.08,29937.09,596447602.9,448329216.4,43150269882,275916441.4,8278711423,2461755849,54614982812
2017,10,West Midlands,E12000005,33195.8,20626.91,218221053.9,177846206,24932513821,247499706.3,4843180611,1998200772,32199241116
2017,11,North East,E12000001,16334.04,10149.5,114239387,73759114.79,9458416347,154245176.2,1847462638,456402753.2,11990286030
2018,1,South West,E12000009,50315.5022,31264.6,357796725.9,320189178.3,27672506000,220772106.1,5627101099,1434870434,35275438817
2018,2,East Midlands,E12000004,31706.8449,19701.72,269994207.4,210434612.5,22171144650,225524396.1,4318807436,1991732443,28917643537
2018,3,Scotland,S92000003,59300.6707,36847.73,193183607,175473621,22554942780,289771007.7,5106673595,1621777856,29748638860
2018,4,Wales,W92000004,33828.9427,21020.33,116263139.4,163662704.1,14761077635,121951715.6,3179291334,702594441.6,18928577830
2018,5,North West,E12000002,37213.9839,23123.7,319300469.6,209295021.4,28260765664,198524371,5264362822,1903512516,35836460395
2018,6,London,E12000007,14807.7285,9201.1,518009547.1,463426229.7,15360300487,311386464,3259883751,597864775.3,19992861706
2018,7,East of England,E12000006,40003.1251,24856.79,493473784.7,292608041.3,28935258811,207888661.1,6226371389,2184104413,37846231315
2018,8,Yorkshire and the Humber,E12000003,32011.3045,19890.9,311042847.6,186654543,21901393034,203086885.5,4459900546,1824572455,28575607464
2018,9,South East,E12000008,48243.3466,29977.03,606846368.6,439993699.7,42884899930,269373809.1,8426962397,2466858988,54488088824
2018,10,West Midlands,E12000005,33224.1187,20644.51,228597462.2,182443540.6,24973227419,227960577.6,4985223154,2002157508,32371012199
2018,11,North East,E12000001,16365.0777,10168.79,105155605.3,73783099.82,9646904589,151082363.8,1902083725,458570183,12232423961
2019,1,South West,E12000009,50373.75,31300.8,363674886.2,321519850.7,28297757668,220220651.1,5737554395,1456484229,36033536793
2019,2,East Midlands,E12000004,31780.006,19747.18,287218209,193261902.8,22657421455,223551451.5,4409230829,2005318825,29488784463
2019,3,Scotland,S92000003,59353.236,36880.39,226961592.3,181083877.6,22790342166,319518640.3,5143125997,1607555733,30041626415
2019,4,Wales,W92000004,33838.074,21026,128362017.7,133449000.8,14937262796,115122552.9,3194350303,700984446,19081169099
2019,5,North West,E12000002,37287.645,23169.47,335650776.8,196514020.4,28876412182,198954333.8,5414175188,1895119030,36581174754
2019,6,London,E12000007,14814.849,9205.52,467836359.5,493178964.4,15628909709,280323854.7,3264434508,597522653.8,20264369690
2019,7,East of England,E12000006,40047.788,24884.54,528012100.8,285417805.4,29013685441,206838129.3,6289426869,2169443904,37964812148
2019,8,Yorkshire and the Humber,E12000003,32020.036,19896.33,333906103,182519837.3,22116029141,191836112.3,4576086038,1889155466,28955626595
2019,9,South East,E12000008,48384.893,30064.98,622951306.1,446957771.4,43210460527,269951723,8513767362,2446548186,54887685569
2019,10,West Midlands,E12000005,33293.486,20687.61,229797263.4,168371400,25258073196,176390899.3,4996007765,1999083660,32597926919
2019,11,North East,E12000001,16401.987,10191.72,103801861.6,67292053.93,10100761960,153088425.3,1933112713,445223133.8,12699478287
2020,1,South West,E12000009,50507.875,31384.14,482195884.6,246944048.4,20960738254,143792891.4,5157789515,1325480904,27834745613
2020,2,East Midlands,E12000004,31876.11,19806.9,411229407.4,153127546.6,17126930239,187468463.9,4018865835,1879305297,23365697382
2020,3,Scotland,S92000003,59273.914,36831.1,370745501.5,136209183.7,16797144360,234563163.4,4596671894,1403895116,23168483717
2020,4,Wales,W92000004,33851.07,21034.08,209957020.5,111265095.5,10966801394,74321088.97,2782755069,637927068.9,14573069717
2020,5,North West,E12000002,37350.804,23208.71,437846423.2,154032176,21937872145,129326013.6,5066445837,1835126640,29122802811
2020,6,London,E12000007,14806.324,9200.22,697725718.5,463528883.4,12453531229,226088090.9,2877490141,592999898.5,16613638242
2020,7,East of England,E12000006,40217.565,24990.04,708711127,223662739.5,22044789670,130165348.7,5873055666,2107601649,30379275073
2020,8,Yorkshire and the Humber,E12000003,32094.536,19942.62,539742214.4,146496294.1,16883944241,118608659.5,4162204110,1812163799,23123417104
2020,9,South East,E12000008,48547.765,30166.18,950590908.1,348476515.8,31854728450,162931430.6,7768679055,2283893534,42418708986
2020,10,West Midlands,E12000005,33396.053,20751.35,332091462.2,129371806.5,18621581948,92346156.02,4458712547,1921964472,25223976929
2020,11,North East,E12000001,16437.387,10213.72,158187880.6,50344436.98,7676518961,128547131.7,1811647684,402790618.4,10069848832
2021,1,South West,E12000009,50566.34,31420.47,385413097.7,286366436.8,23913496304,164147992,5794544695,1450829337,31609384765
2021,2,East Midlands,E12000004,31954.06,19855.33,331758366.6,186056315.7,19227195278,200661892.2,4576185013,2073698874,26263797373
2021,3,Scotland,S92000003,59262.26,36823.86,270328476.3,151181994.2,19301927089,263575733,5433589190,1553153437,26703427443
2021,4,Wales,W92000004,33830.95,21021.58,176750085.6,123488913.2,12382975665,91858848.43,3192195591,695483247.5,16486002266
2021,5,North West,E12000002,37404.06,23241.81,381004892,169634355.5,24620026494,140668116,5627784430,1938488735,32496602131
2021,6,London,E12000007,14808.32,9201.46,647245366.3,607582338.7,13983441245,239005332.1,2987781031,635481336.9,18453291284
2021,7,East of England,E12000006,40294.29,25037.71,523057048.7,260054296.4,24596829251,155237628.8,6551237229,2164504094,33727862499
2021,8,Yorkshire and the Humber,E12000003,32123.66,19960.72,377868799.2,157571626.5,18534580260,136819525.9,4611091729,1956657782,25396720923
2021,9,South East,E12000008,48679.55,30248.07,725397470.5,377310087.2,35284935100,184071149.3,8622075220,2436769306,46905160862
2021,10,West Midlands,E12000005,33454.46,20787.64,268688012.6,148926794.2,20912686824,110698833.7,4994603486,2134062724,28300978662
2021,11,North East,E12000001,16460.74,10228.23,111018953,62382589.85,8601333177,119640292.9,1985395052,446561644.9,11215312756